,Crime_rate,P_RL,P_NRL,CRSV,NOC,ANR,P_SUH,WDCA,PIRH,Tax_rate,P_TS,P_black,P_under,Style,Price
0,0.00632,18.0,2.31,0.0,0.5379999999999999,6.575,65.2,4.09,1.0,0.41631504922644164,15.3,1.0,4.98,Mediterranean,24.0
1,0.02731,20.0,7.07,0.0,0.469,6.421,78.9,4.9671,2.0,0.340365682137834,17.8,1.0,9.14,European,21.6
2,0.02729,20.0,7.07,0.0,0.469,7.185,61.1,4.9671,2.0,0.340365682137834,17.8,0.989745527840766,4.03,Elegant,34.7
3,0.03237,20.0,2.18,0.0,0.458,6.997999999999998,45.8,6.0622,3.0,0.31223628691983124,18.7,0.9942806752330562,2.94,Pastoral,33.4
4,0.06905,20.0,2.18,0.0,0.458,7.147,54.2,6.0622,3.0,0.31223628691983124,18.7,1.0,5.33,Elegant,36.2
5,0.02985,20.0,2.18,0.0,0.458,6.43,58.7,6.0622,3.0,0.31223628691983124,18.7,0.9929957168052407,5.21,European,28.7
6,0.08829,12.5,7.87,0.0,0.524,6.0120000000000005,66.6,5.5605,5.0,0.43741209563994377,15.2,0.9967246157722349,12.43,modern,22.9
7,0.14455,12.5,7.87,0.0,0.524,6.1720000000000015,96.1,5.9505,5.0,0.43741209563994377,15.2,1.0,19.15,Pastoral,27.1
8,0.21124,12.5,7.87,0.0,0.524,5.631,100.0,6.0821,5.0,0.43741209563994377,15.2,0.9741244646006552,29.93,Pastoral,16.5
9,0.17004,12.5,7.87,0.0,0.524,6.004,85.9,6.5921,5.0,0.43741209563994377,15.2,0.9743260267069791,17.1,Pastoral,18.9
10,0.22489,12.5,7.87,0.0,0.524,6.377000000000002,94.3,6.3467,5.0,0.43741209563994377,15.2,0.9889644746787604,20.45,Pastoral,15.0
11,0.11747,12.5,7.87,0.0,0.524,6.009,82.9,6.2267,5.0,0.43741209563994377,15.2,1.0,13.27,modern,18.9
12,0.09378,12.5,7.87,0.0,0.524,5.8889999999999985,39.0,5.4509,5.0,0.43741209563994377,15.2,0.9838750314940792,15.71,European,21.7
13,0.62976,20.0,8.14,0.0,0.5379999999999999,5.949,61.8,4.7075,4.0,0.4317862165963432,21.0,1.0,8.26,Elegant,20.4
14,0.6379600000000001,20.0,8.14,0.0,0.5379999999999999,6.096,84.5,4.4619,4.0,0.4317862165963432,21.0,0.9574703955656336,10.26,Mediterranean,18.2
15,0.62739,20.0,8.14,0.0,0.5379999999999999,5.834,56.5,4.4986,4.0,0.4317862165963432,21.0,0.9967750062988159,8.47,Pastoral,19.9
16,1.05393,20.0,8.14,0.0,0.5379999999999999,5.935,29.3,4.4986,4.0,0.4317862165963432,21.0,0.9746787603930462,6.58,Mediterranean,23.1
17,0.7842,20.0,8.14,0.0,0.5379999999999999,5.99,81.7,4.2579,4.0,0.4317862165963432,21.0,0.9744268077601411,14.67,Elegant,17.5
18,0.80271,20.0,8.14,0.0,0.5379999999999999,5.456,36.6,3.7965,4.0,0.4317862165963432,21.0,0.7281179138321996,11.69,European,20.2
19,0.7258,20.0,8.14,0.0,0.5379999999999999,5.727,69.5,3.7965,4.0,0.4317862165963432,21.0,0.9850088183421517,11.28,European,18.2
20,1.25179,20.0,8.14,0.0,0.5379999999999999,5.57,98.1,3.7979,4.0,0.4317862165963432,21.0,0.9487780297304107,21.02,Pastoral,13.6
21,0.8520399999999999,20.0,8.14,0.0,0.5379999999999999,5.965,89.2,4.0123,4.0,0.4317862165963432,21.0,0.9889896699420508,13.83,modern,19.6
22,1.2324700000000002,20.0,8.14,0.0,0.5379999999999999,6.142,91.7,3.9769,4.0,0.4317862165963432,21.0,1.0,18.72,Elegant,15.2
23,0.98843,20.0,8.14,0.0,0.5379999999999999,5.813,100.0,4.0952,4.0,0.4317862165963432,21.0,0.9940539178634418,19.88,modern,14.5
24,0.75026,20.0,8.14,0.0,0.5379999999999999,5.924,94.1,4.3996,4.0,0.4317862165963432,21.0,0.9935248173343412,16.3,modern,15.6
25,0.84054,20.0,8.14,0.0,0.5379999999999999,5.599,85.7,4.4546,4.0,0.4317862165963432,21.0,0.7644746787603931,16.51,European,13.9
26,0.67191,20.0,8.14,0.0,0.5379999999999999,5.813,90.3,4.682,4.0,0.4317862165963432,21.0,0.9495590828924163,14.81,Mediterranean,16.6
27,0.95577,20.0,8.14,0.0,0.5379999999999999,6.0470000000000015,88.8,4.4534,4.0,0.4317862165963432,21.0,0.7719324766943815,17.28,Mediterranean,14.8
28,0.77299,20.0,8.14,0.0,0.5379999999999999,6.495,94.4,4.4547,4.0,0.4317862165963432,21.0,0.9774250440917108,12.8,Pastoral,18.4
29,1.00245,20.0,8.14,0.0,0.5379999999999999,6.674,87.3,4.239,4.0,0.4317862165963432,21.0,0.9579994960947343,11.98,modern,21.0
30,1.13081,20.0,8.14,0.0,0.5379999999999999,5.712999999999999,94.1,4.2330000000000005,4.0,0.4317862165963432,21.0,0.9074577979339885,22.6,European,12.7
31,1.35472,20.0,8.14,0.0,0.5379999999999999,6.072,100.0,4.175,4.0,0.4317862165963432,21.0,0.9491811539430588,13.04,Elegant,14.5
32,1.38799,20.0,8.14,0.0,0.5379999999999999,5.95,82.0,3.99,4.0,0.4317862165963432,21.0,0.5860418241370623,27.71,Elegant,13.2
33,1.15172,20.0,8.14,0.0,0.5379999999999999,5.7010000000000005,95.0,3.7872,4.0,0.4317862165963432,21.0,0.9039304610733182,18.35,European,13.1
34,1.61282,20.0,8.14,0.0,0.5379999999999999,6.096,96.9,3.7598,4.0,0.4317862165963432,21.0,0.6256235827664399,20.34,Pastoral,13.5
35,0.06417,20.0,5.96,0.0,0.499,5.933,68.2,3.3603,5.0,0.3924050632911392,19.2,1.0,9.68,modern,18.9
36,0.09744,20.0,5.96,0.0,0.499,5.841,61.4,3.3779,5.0,0.3924050632911392,19.2,0.9512723607961704,11.41,Elegant,20.0
37,0.08014,20.0,5.96,0.0,0.499,5.85,41.5,3.9342,5.0,0.3924050632911392,19.2,1.0,8.77,Elegant,21.0
38,0.17505,20.0,5.96,0.0,0.499,5.966,30.2,3.8473,5.0,0.3924050632911392,19.2,0.9912572436381961,10.13,Elegant,24.7
39,0.02763,75.0,2.95,0.0,0.428,6.595,21.8,5.4011,3.0,0.35443037974683544,18.3,0.9968002015621064,4.32,modern,30.8
40,0.033589999999999995,75.0,2.95,0.0,0.428,7.024,15.8,5.4011,3.0,0.35443037974683544,18.3,0.9967750062988159,1.98,Elegant,34.9
41,0.12744,20.0,6.91,0.0,0.448,6.77,2.9,5.7209,3.0,0.32770745428973275,17.9,0.971050642479214,4.84,Elegant,26.6
42,0.1415,20.0,6.91,0.0,0.448,6.169,6.6,5.7209,3.0,0.32770745428973275,17.9,0.9659108087679517,5.81,Elegant,25.3
43,0.15936,20.0,6.91,0.0,0.448,6.211,6.5,5.7209,3.0,0.32770745428973275,17.9,0.9938523557571177,7.44,modern,24.7
44,0.12269,20.0,6.91,0.0,0.448,6.069,40.0,5.7209,3.0,0.32770745428973275,17.9,0.9810783572688335,9.55,Elegant,21.2
45,0.17142000000000002,20.0,6.91,0.0,0.448,5.682,33.8,5.1004,3.0,0.32770745428973275,17.9,1.0,10.21,modern,19.3
46,0.18836,20.0,6.91,0.0,0.448,5.7860000000000005,33.3,5.1004,3.0,0.32770745428973275,17.9,1.0,14.15,Elegant,20.0
47,0.22927,20.0,6.91,0.0,0.448,6.03,85.5,5.6894,3.0,0.32770745428973275,17.9,0.9895187704711516,18.8,Elegant,16.6
48,0.25387,20.0,6.91,0.0,0.448,5.399,95.3,5.87,3.0,0.32770745428973275,17.9,1.0,30.81,modern,14.4
49,0.21977,20.0,6.91,0.0,0.448,5.602,62.0,6.0877,3.0,0.32770745428973275,17.9,1.0,16.2,European,19.4
50,0.08872999999999999,21.0,5.64,0.0,0.439,5.962999999999999,45.7,6.8147,4.0,0.34177215189873417,16.8,0.9966238347190729,13.45,Elegant,19.7
51,0.04337,21.0,5.64,0.0,0.439,6.115,63.0,6.8147,4.0,0.34177215189873417,16.8,0.9926177878558832,9.43,modern,20.5
52,0.0536,21.0,5.64,0.0,0.439,6.511,21.1,6.8147,4.0,0.34177215189873417,16.8,1.0,5.28,European,25.0
53,0.04981,21.0,5.64,0.0,0.439,5.997999999999998,21.4,6.8147,4.0,0.34177215189873417,16.8,1.0,8.43,European,23.4
54,0.0136,75.0,4.0,0.0,0.41,5.888,47.6,7.3197,3.0,0.659634317862166,21.1,1.0,14.8,Mediterranean,18.9
55,0.01311,90.0,1.22,0.0,0.403,7.249,21.9,8.6966,5.0,0.3178621659634318,17.9,0.9975560594608215,4.81,modern,35.4
56,0.02055,85.0,0.74,0.0,0.41,6.382999999999999,35.7,9.1876,2.0,0.44022503516174405,17.3,1.0,5.77,modern,24.7
57,0.01432,100.0,1.32,0.0,0.411,6.816,40.5,8.3248,5.0,0.360056258790436,15.1,0.9899218946837994,3.95,European,31.6
58,0.15445,25.0,5.13,0.0,0.453,6.145,29.2,7.8148,8.0,0.39943741209563993,19.7,0.9843285462333082,6.86,Elegant,23.3
59,0.10328,25.0,5.13,0.0,0.453,5.9270000000000005,47.2,6.932,8.0,0.39943741209563993,19.7,1.0,9.22,European,19.6
60,0.14932,25.0,5.13,0.0,0.453,5.7410000000000005,66.2,7.2254,8.0,0.39943741209563993,19.7,0.9954900478710004,13.15,Pastoral,18.7
61,0.17171,25.0,5.13,0.0,0.453,5.966,93.4,6.8185,8.0,0.39943741209563993,19.7,0.9525825144872764,14.44,Elegant,16.0
62,0.11027,25.0,5.13,0.0,0.453,6.456,67.8,7.2255,8.0,0.39943741209563993,19.7,1.0,6.73,Elegant,22.2
63,0.1265,25.0,5.13,0.0,0.453,6.7620000000000005,43.4,7.9809,8.0,0.39943741209563993,19.7,0.9966742252456539,9.5,Pastoral,25.0
64,0.01951,17.5,1.38,0.0,0.4161,7.104,59.5,9.2229,3.0,0.3037974683544304,18.6,0.9907785336356766,8.05,Pastoral,33.0
65,0.03584,80.0,3.37,0.0,0.398,6.29,17.8,6.6115,4.0,0.4739803094233474,16.1,1.0,4.67,Mediterranean,23.5
66,0.04379,80.0,3.37,0.0,0.398,5.787000000000001,31.1,6.6115,4.0,0.4739803094233474,16.1,1.0,10.24,Mediterranean,19.4
67,0.05789,12.5,6.07,0.0,0.409,5.877999999999999,21.4,6.497999999999998,4.0,0.48523206751054854,18.9,0.9982615268329554,8.1,European,22.0
68,0.13554000000000002,12.5,6.07,0.0,0.409,5.5939999999999985,36.8,6.497999999999998,4.0,0.48523206751054854,18.9,1.0,13.09,Elegant,17.4
69,0.12816,12.5,6.07,0.0,0.409,5.885,33.0,6.497999999999998,4.0,0.48523206751054854,18.9,1.0,8.79,modern,20.9
70,0.08826,20.0,10.81,0.0,0.413,6.417000000000002,6.6,5.2873,4.0,0.4289732770745429,19.2,0.9668178382464098,6.72,Elegant,24.2
71,0.15875999999999998,20.0,10.81,0.0,0.413,5.961,17.5,5.2873,4.0,0.4289732770745429,19.2,0.9497102544721593,9.88,Elegant,21.7
72,0.09164,20.0,10.81,0.0,0.413,6.065,7.8,5.2873,4.0,0.4289732770745429,19.2,0.9849080372889898,5.52,Elegant,22.8
73,0.19539,20.0,10.81,0.0,0.413,6.245,6.2,5.2873,4.0,0.4289732770745429,19.2,0.9502897455278408,7.54,Mediterranean,23.4
74,0.07896,20.0,12.83,0.0,0.4370000000000001,6.273,6.0,4.2515,5.0,0.559774964838256,18.7,0.9950113378684808,6.78,Pastoral,24.1
75,0.09512,20.0,12.83,0.0,0.4370000000000001,6.2860000000000005,45.0,4.5026,5.0,0.559774964838256,18.7,0.9655580750818847,8.94,Mediterranean,21.4
76,0.10153,20.0,12.83,0.0,0.4370000000000001,6.279,74.5,4.0522,5.0,0.559774964838256,18.7,0.9414462081128749,11.97,Elegant,20.0
77,0.08707000000000001,20.0,12.83,0.0,0.4370000000000001,6.14,45.8,4.0905,5.0,0.559774964838256,18.7,0.9749559082892416,10.27,Elegant,20.8
78,0.05646,20.0,12.83,0.0,0.4370000000000001,6.232,53.7,5.0141,5.0,0.559774964838256,18.7,0.9735449735449735,12.34,Elegant,21.2
79,0.08387,20.0,12.83,0.0,0.4370000000000001,5.874,36.6,4.5026,5.0,0.559774964838256,18.7,0.9978835978835979,9.1,Pastoral,20.3
80,0.04113,25.0,4.86,0.0,0.426,6.727,33.5,5.4007,4.0,0.3952180028129395,19.0,1.0,5.29,European,28.0
81,0.04462,25.0,4.86,0.0,0.426,6.619,70.4,5.4007,4.0,0.3952180028129395,19.0,0.9968002015621064,7.22,Elegant,23.9
82,0.03659,25.0,4.86,0.0,0.426,6.3020000000000005,32.2,5.4007,4.0,0.3952180028129395,19.0,1.0,6.72,modern,24.8
83,0.03551,25.0,4.86,0.0,0.426,6.167000000000002,46.7,5.4007,4.0,0.3952180028129395,19.0,0.9842277651801462,7.51,Mediterranean,22.9
84,0.05059,20.0,4.49,0.0,0.449,6.3889999999999985,48.0,4.7794,3.0,0.34739803094233473,18.5,1.0,9.62,Elegant,23.9
85,0.05735,20.0,4.49,0.0,0.449,6.63,56.1,4.4377,3.0,0.34739803094233473,18.5,0.9884101788863694,6.53,Mediterranean,26.6
86,0.05188,20.0,4.49,0.0,0.449,6.015,45.1,4.4272,3.0,0.34739803094233473,18.5,0.9977072310405645,12.86,European,22.5
87,0.07151,20.0,4.49,0.0,0.449,6.121,56.8,3.7476,3.0,0.34739803094233473,18.5,0.9955908289241623,8.44,Mediterranean,22.2
88,0.0566,20.0,3.41,0.0,0.489,7.0070000000000014,86.3,3.4217,2.0,0.379746835443038,17.8,1.0,5.5,European,23.6
89,0.053020000000000005,20.0,3.41,0.0,0.489,7.079,63.1,3.4145,2.0,0.379746835443038,17.8,0.9978835978835979,5.7,modern,28.7
90,0.04684,20.0,3.41,0.0,0.489,6.417000000000002,66.1,3.0923,2.0,0.379746835443038,17.8,0.9881078357268834,8.81,modern,22.6
91,0.03932,20.0,3.41,0.0,0.489,6.405,73.9,3.0921,2.0,0.379746835443038,17.8,0.9915595867976821,8.2,European,22.0
92,0.04203,28.0,15.04,0.0,0.464,6.442,53.6,3.6659,4.0,0.379746835443038,18.2,0.9952380952380953,8.16,Mediterranean,22.9
93,0.02875,28.0,15.04,0.0,0.464,6.211,28.9,3.6659,4.0,0.379746835443038,18.2,0.9985638699924414,6.21,Pastoral,25.0
94,0.04294,28.0,15.04,0.0,0.464,6.249,77.3,3.615,4.0,0.379746835443038,18.2,1.0,10.59,Pastoral,20.6
95,0.12204,20.0,2.89,0.0,0.445,6.625,57.8,3.4952,2.0,0.3881856540084388,18.0,0.9019400352733687,6.65,Mediterranean,28.4
96,0.11504,20.0,2.89,0.0,0.445,6.1629999999999985,69.6,3.4952,2.0,0.3881856540084388,18.0,0.9872260015117158,11.34,modern,21.4
97,0.12083,20.0,2.89,0.0,0.445,8.068999999999999,76.0,3.4952,2.0,0.3881856540084388,18.0,1.0,4.21,Elegant,38.7
98,0.08187,20.0,2.89,0.0,0.445,7.82,36.9,3.4952,2.0,0.3881856540084388,18.0,0.991509196271101,3.57,Pastoral,43.8
99,0.0686,20.0,2.89,0.0,0.445,7.416,62.5,3.4952,2.0,0.3881856540084388,18.0,1.0,6.19,Pastoral,33.2
100,0.14866,20.0,8.56,0.0,0.52,6.727,79.9,2.7778,5.0,0.540084388185654,20.9,0.9946082136558327,9.42,modern,27.5
101,0.11432,20.0,8.56,0.0,0.52,6.7810000000000015,71.3,2.8561,5.0,0.540084388185654,20.9,0.9966742252456539,7.67,Elegant,26.5
102,0.22876,20.0,8.56,0.0,0.52,6.405,85.4,2.7147,5.0,0.540084388185654,20.9,0.17838246409674982,10.63,modern,18.6
103,0.21161,20.0,8.56,0.0,0.52,6.1370000000000005,87.4,2.7147,5.0,0.540084388185654,20.9,0.9938775510204083,13.44,Pastoral,19.3
104,0.1396,20.0,8.56,0.0,0.52,6.167000000000002,90.0,2.421,5.0,0.540084388185654,20.9,0.9893927941546989,12.33,Mediterranean,20.1
105,0.13262000000000002,20.0,8.56,0.0,0.52,5.851,96.7,2.1069,5.0,0.540084388185654,20.9,0.9928193499622072,16.47,Pastoral,19.5
106,0.1712,20.0,8.56,0.0,0.52,5.836,91.9,2.211,5.0,0.540084388185654,20.9,0.9969009826152684,18.66,Mediterranean,19.5
107,0.13117,20.0,8.56,0.0,0.52,6.127000000000002,85.2,2.1224,5.0,0.540084388185654,20.9,0.9767951625094483,14.09,European,20.4
108,0.12802,20.0,8.56,0.0,0.52,6.474,97.1,2.4329,5.0,0.540084388185654,20.9,0.9958175862937768,12.27,modern,19.8
109,0.26363000000000003,20.0,8.56,0.0,0.52,6.229,91.2,2.5451,5.0,0.540084388185654,20.9,0.9857142857142858,15.55,Pastoral,19.4
110,0.10793,20.0,8.56,0.0,0.52,6.195,54.4,2.7778,5.0,0.540084388185654,20.9,0.9914084152179391,13.0,Pastoral,21.7
111,0.10084,20.0,10.01,0.0,0.547,6.715,81.6,2.6775,6.0,0.6075949367088608,17.8,0.9966994205089443,10.16,Mediterranean,22.8
112,0.12329,20.0,10.01,0.0,0.547,5.9129999999999985,92.9,2.3534,6.0,0.6075949367088608,17.8,0.9950869236583523,16.21,Mediterranean,18.8
113,0.22212,20.0,10.01,0.0,0.547,6.0920000000000005,95.4,2.548,6.0,0.6075949367088608,17.8,1.0,17.09,Mediterranean,18.7
114,0.14231,20.0,10.01,0.0,0.547,6.254,84.2,2.2565,6.0,0.6075949367088608,17.8,0.979440665154951,10.45,Elegant,18.5
115,0.17134000000000002,20.0,10.01,0.0,0.547,5.928,88.2,2.4631,6.0,0.6075949367088608,17.8,0.8690098261526834,15.76,European,18.3
116,0.13158,20.0,10.01,0.0,0.547,6.176,72.5,2.7301,6.0,0.6075949367088608,17.8,0.9909297052154196,12.04,modern,21.2
117,0.15098,20.0,10.01,0.0,0.547,6.021,82.6,2.7474,6.0,0.6075949367088608,17.8,0.9939783320735702,10.3,Pastoral,19.2
118,0.13058,20.0,10.01,0.0,0.547,5.872000000000001,73.1,2.4775,6.0,0.6075949367088608,17.8,0.8531872008062484,15.37,Elegant,20.4
119,0.14476,20.0,10.01,0.0,0.547,5.731,65.2,2.7592,6.0,0.6075949367088608,17.8,0.9863945578231293,13.61,Mediterranean,19.3
120,0.06899,20.0,25.65,0.0,0.581,5.87,69.7,2.2577,2.0,0.26441631504922647,19.1,0.9804736709498614,14.37,Pastoral,22.0
121,0.07165,20.0,25.65,0.0,0.581,6.004,84.1,2.1974,2.0,0.26441631504922647,19.1,0.9515495086923659,14.27,European,20.3
122,0.09299,20.0,25.65,0.0,0.581,5.961,92.9,2.0869,2.0,0.26441631504922647,19.1,0.9526077097505669,17.93,Pastoral,20.5
123,0.15038,20.0,25.65,0.0,0.581,5.856,97.0,1.9444,2.0,0.26441631504922647,19.1,0.9330057949105569,25.41,Elegant,17.3
124,0.09849,20.0,25.65,0.0,0.581,5.879,95.8,2.0063,2.0,0.26441631504922647,19.1,0.9558578987150416,17.58,Elegant,18.8
125,0.16902,20.0,25.65,0.0,0.581,5.9860000000000015,88.4,1.9929,2.0,0.26441631504922647,19.1,0.9700680272108844,14.81,modern,21.4
126,0.38735,20.0,25.65,0.0,0.581,5.613,95.6,1.7572,2.0,0.26441631504922647,19.1,0.9052406147644244,27.26,Mediterranean,15.7
127,0.25915,20.0,21.89,0.0,0.624,5.693,96.0,1.7883,4.0,0.6146272855133614,21.2,0.98793146888385,17.19,modern,16.2
128,0.32543,20.0,21.89,0.0,0.624,6.431,98.8,1.8125,4.0,0.6146272855133614,21.2,1.0,15.39,modern,18.0
129,0.88125,20.0,21.89,0.0,0.624,5.6370000000000005,94.7,1.9799,4.0,0.6146272855133614,21.2,1.0,18.34,Pastoral,14.3
130,0.34006,20.0,21.89,0.0,0.624,6.457999999999998,98.9,2.1185,4.0,0.6146272855133614,21.2,0.9953136810279668,12.6,Elegant,19.2
131,1.19294,20.0,21.89,0.0,0.624,6.3260000000000005,97.7,2.271,4.0,0.6146272855133614,21.2,1.0,12.26,Mediterranean,19.6
132,0.59005,20.0,21.89,0.0,0.624,6.372000000000001,97.9,2.3274,4.0,0.6146272855133614,21.2,0.9719324766943815,11.12,European,23.0
133,0.32982,20.0,21.89,0.0,0.624,5.822,95.4,2.4699,4.0,0.6146272855133614,21.2,0.9793146888384984,15.03,European,18.4
134,0.97617,20.0,21.89,0.0,0.624,5.7570000000000014,98.4,2.346,4.0,0.6146272855133614,21.2,0.6620307382212144,17.31,Pastoral,15.6
135,0.55778,20.0,21.89,0.0,0.624,6.335,98.2,2.1107,4.0,0.6146272855133614,21.2,0.9943814562862183,16.96,modern,18.1
136,0.32264,20.0,21.89,0.0,0.624,5.942,93.5,1.9669,4.0,0.6146272855133614,21.2,0.953010833963215,16.9,modern,17.4
137,0.35233000000000003,20.0,21.89,0.0,0.624,6.454,98.4,1.8498,4.0,0.6146272855133614,21.2,0.9928949357520787,14.59,modern,17.1
138,0.2498,20.0,21.89,0.0,0.624,5.857,98.2,1.6686,4.0,0.6146272855133614,21.2,0.9877551020408164,21.32,modern,13.3
139,0.54452,20.0,21.89,0.0,0.624,6.151,97.9,1.6687,4.0,0.6146272855133614,21.2,1.0,18.46,modern,17.8
140,0.2909,20.0,21.89,0.0,0.624,6.174,93.6,1.6119,4.0,0.6146272855133614,21.2,0.9777777777777777,24.16,Mediterranean,14.0
141,1.62864,20.0,21.89,0.0,0.624,5.019,100.0,1.4394,4.0,0.6146272855133614,21.2,1.0,34.41,Mediterranean,14.4
142,3.32105,20.0,19.58,1.0,0.871,5.403,100.0,1.3216,5.0,0.5668073136427567,14.7,1.0,26.82,Pastoral,13.4
143,4.0974,20.0,19.58,0.0,0.871,5.468,100.0,1.4118,5.0,0.5668073136427567,14.7,1.0,26.42,modern,15.6
144,2.7797400000000003,20.0,19.58,0.0,0.871,4.9030000000000005,97.8,1.3459,5.0,0.5668073136427567,14.7,1.0,29.29,Mediterranean,11.8
145,2.37934,20.0,19.58,0.0,0.871,6.13,100.0,1.4191,5.0,0.5668073136427567,14.7,0.43565129755605947,27.8,modern,13.8
146,2.15505,20.0,19.58,0.0,0.871,5.627999999999999,100.0,1.5166,5.0,0.5668073136427567,14.7,0.426480221718317,16.65,modern,15.6
147,2.36862,20.0,19.58,0.0,0.871,4.926,95.7,1.4608,5.0,0.5668073136427567,14.7,0.9869236583522298,29.53,Mediterranean,14.6
148,2.3309900000000003,20.0,19.58,0.0,0.871,5.186,93.8,1.5296,5.0,0.5668073136427567,14.7,0.899445704207609,28.32,Mediterranean,17.8
149,2.73397,20.0,19.58,0.0,0.871,5.597,94.9,1.5257,5.0,0.5668073136427567,14.7,0.8864953388762914,21.45,Pastoral,15.4
150,1.6566,20.0,19.58,0.0,0.871,6.122000000000001,97.3,1.618,5.0,0.5668073136427567,14.7,0.9392794154698917,14.1,modern,21.5
151,1.49632,20.0,19.58,0.0,0.871,5.404,100.0,1.5916,5.0,0.5668073136427567,14.7,0.8606701940035274,13.28,Mediterranean,19.6
152,1.12658,20.0,19.58,1.0,0.871,5.012,88.0,1.6102,5.0,0.5668073136427567,14.7,0.8649029982363315,12.12,Pastoral,15.3
153,2.14918,20.0,19.58,0.0,0.871,5.709,98.5,1.6232,5.0,0.5668073136427567,14.7,0.6599899218946839,15.79,European,19.4
154,1.41385,20.0,19.58,1.0,0.871,6.129,96.0,1.7494,5.0,0.5668073136427567,14.7,0.8088183421516755,15.12,modern,17.0
155,3.53501,20.0,19.58,1.0,0.871,6.152,82.6,1.7455,5.0,0.5668073136427567,14.7,0.22174351221970273,15.02,Pastoral,15.6
156,2.44668,20.0,19.58,0.0,0.871,5.272,94.0,1.7364,5.0,0.5668073136427567,14.7,0.22330561854371378,16.14,European,13.1
157,1.22358,20.0,19.58,0.0,0.605,6.943,97.4,1.8773,5.0,0.5668073136427567,14.7,0.9156714537666919,4.59,European,41.3
158,1.34284,20.0,19.58,0.0,0.605,6.066,100.0,1.7573,5.0,0.5668073136427567,14.7,0.8916351725875535,6.43,Elegant,24.3
159,1.4250200000000002,20.0,19.58,0.0,0.871,6.51,100.0,1.7659,5.0,0.5668073136427567,14.7,0.917888636936256,7.39,Pastoral,23.3
160,1.27346,20.0,19.58,1.0,0.605,6.25,92.6,1.7984,5.0,0.5668073136427567,14.7,0.8539178634416731,5.5,Mediterranean,27.0
161,1.46336,20.0,19.58,0.0,0.605,7.489,90.8,1.9709,5.0,0.5668073136427567,14.7,0.9433862433862434,1.73,Mediterranean,50.0
162,1.83377,20.0,19.58,1.0,0.605,7.802,98.2,2.0407,5.0,0.5668073136427567,14.7,0.9816326530612246,1.92,Elegant,50.0
163,1.51902,20.0,19.58,1.0,0.605,8.375,93.9,2.162,5.0,0.5668073136427567,14.7,0.9787100025195263,3.32,Pastoral,50.0
164,2.24236,20.0,19.58,0.0,0.605,5.854,91.8,2.422,5.0,0.5668073136427567,14.7,0.9954900478710004,11.64,European,22.7
165,2.924,20.0,19.58,0.0,0.605,6.101,93.0,2.2834,5.0,0.5668073136427567,14.7,0.6050894431846813,9.81,Pastoral,25.0
166,2.01019,20.0,19.58,0.0,0.605,7.9289999999999985,96.2,2.0459,5.0,0.5668073136427567,14.7,0.9304610733182163,3.7,Elegant,50.0
167,1.80028,20.0,19.58,0.0,0.605,5.877000000000002,79.2,2.4259,5.0,0.5668073136427567,14.7,0.5734693877551021,12.14,Elegant,23.8
168,2.3004,20.0,19.58,0.0,0.605,6.319,96.1,2.1,5.0,0.5668073136427567,14.7,0.7485260770975056,11.1,Pastoral,23.8
169,2.44953,20.0,19.58,0.0,0.605,6.402,95.2,2.2625,5.0,0.5668073136427567,14.7,0.8315444696397079,11.32,European,22.3
170,1.2074200000000002,20.0,19.58,0.0,0.605,5.875,94.6,2.4259,5.0,0.5668073136427567,14.7,0.7364323507180651,14.43,Pastoral,17.4
171,2.3139,20.0,19.58,0.0,0.605,5.88,97.3,2.3887,5.0,0.5668073136427567,14.7,0.8771227009322248,12.03,Mediterranean,19.1
172,0.13914,20.0,4.05,0.0,0.51,5.572,88.5,2.5961,5.0,0.41631504922644164,16.6,1.0,14.69,European,23.1
173,0.09178,20.0,4.05,0.0,0.51,6.416,84.1,2.6463,5.0,0.41631504922644164,16.6,0.9964726631393299,9.04,Pastoral,23.6
174,0.08447,20.0,4.05,0.0,0.51,5.859,68.7,2.7019,5.0,0.41631504922644164,16.6,0.9907533383723861,9.64,Pastoral,22.6
175,0.06663999999999999,20.0,4.05,0.0,0.51,6.546,33.1,3.1323,5.0,0.41631504922644164,16.6,0.9850340136054422,5.33,European,29.4
176,0.07022,20.0,4.05,0.0,0.51,6.02,47.2,3.5549,5.0,0.41631504922644164,16.6,0.9907533383723861,10.11,modern,23.2
177,0.05425,20.0,4.05,0.0,0.51,6.315,73.4,3.3175,5.0,0.41631504922644164,16.6,0.9967246157722349,6.29,Pastoral,24.6
178,0.06642,20.0,4.05,0.0,0.51,6.86,74.4,2.9153,5.0,0.41631504922644164,16.6,0.9858150667674477,6.92,Pastoral,29.9
179,0.0578,20.0,2.46,0.0,0.488,6.98,58.4,2.829,3.0,0.2714486638537271,17.8,1.0,5.04,Pastoral,37.2
180,0.06588,20.0,2.46,0.0,0.488,7.765,83.3,2.741,3.0,0.2714486638537271,17.8,0.9966238347190729,7.56,European,39.8
181,0.06888,20.0,2.46,0.0,0.488,6.144,62.2,2.5979,3.0,0.2714486638537271,17.8,1.0,9.45,Elegant,36.2
182,0.09103,20.0,2.46,0.0,0.488,7.155,92.2,2.7006,3.0,0.2714486638537271,17.8,0.9929957168052407,4.82,modern,37.9
183,0.10008,20.0,2.46,0.0,0.488,6.563,95.6,2.847,3.0,0.2714486638537271,17.8,1.0,5.68,Pastoral,32.5
184,0.08308,20.0,2.46,0.0,0.488,5.604,89.8,2.9879,3.0,0.2714486638537271,17.8,0.9851347946586042,13.98,modern,26.4
185,0.06047,20.0,2.46,0.0,0.488,6.153,68.8,3.2797,3.0,0.2714486638537271,17.8,0.9753338372385992,13.15,European,29.6
186,0.056020000000000014,20.0,2.46,0.0,0.488,7.831,53.6,3.1992,3.0,0.2714486638537271,17.8,0.989241622574956,4.45,Elegant,50.0
187,0.07875,45.0,3.44,0.0,0.4370000000000001,6.782,41.1,3.7886,5.0,0.559774964838256,15.2,0.9923658352229782,6.68,Elegant,32.0
188,0.12579,45.0,3.44,0.0,0.4370000000000001,6.556,29.1,4.5667,5.0,0.559774964838256,15.2,0.9645754598135551,4.56,modern,29.8
189,0.0837,45.0,3.44,0.0,0.4370000000000001,7.185,38.9,4.5667,5.0,0.559774964838256,15.2,1.0,5.39,Pastoral,34.9
190,0.09068,45.0,3.44,0.0,0.4370000000000001,6.9510000000000005,21.5,6.4798,5.0,0.559774964838256,15.2,0.9515747039556564,5.1,European,37.0
191,0.06911,45.0,3.44,0.0,0.4370000000000001,6.739,30.8,6.4798,5.0,0.559774964838256,15.2,0.9818846056941295,4.69,Elegant,30.5
192,0.08664,45.0,3.44,0.0,0.4370000000000001,7.178,26.3,6.4798,5.0,0.559774964838256,15.2,0.9838498362307887,2.87,Mediterranean,36.4
193,0.02187,60.0,2.93,0.0,0.401,6.8,9.9,6.2196,1.0,0.3727144866385373,15.6,0.991106072058453,5.03,European,31.1
194,0.01439,60.0,2.93,0.0,0.401,6.604,18.8,6.2196,1.0,0.3727144866385373,15.6,0.9491055681531873,4.38,Mediterranean,29.1
195,0.01381,80.0,0.46,0.0,0.422,7.875,32.0,5.6484,4.0,0.35864978902953587,14.4,0.9932728647014363,2.97,Elegant,50.0
196,0.04011,80.0,1.52,0.0,0.404,7.287000000000001,34.1,7.309,2.0,0.46272855133614627,12.6,1.0,4.08,modern,33.3
197,0.04666,80.0,1.52,0.0,0.404,7.107,36.6,7.309,2.0,0.46272855133614627,12.6,0.8926933736457546,8.61,European,30.3
198,0.03768,80.0,1.52,0.0,0.404,7.274,38.3,7.309,2.0,0.46272855133614627,12.6,0.9881582262534644,6.62,Mediterranean,34.6
199,0.0315,95.0,1.47,0.0,0.403,6.975,15.3,7.6534,3.0,0.5654008438818565,17.0,1.0,4.56,Pastoral,34.9
200,0.01778,95.0,1.47,0.0,0.403,7.135,13.9,7.6534,3.0,0.5654008438818565,17.0,0.9682539682539684,4.45,Elegant,32.9
201,0.03445,82.5,2.03,0.0,0.415,6.162000000000001,38.4,6.27,2.0,0.48945147679324896,14.7,0.992113882590073,7.43,Elegant,24.1
202,0.02177,82.5,2.03,0.0,0.415,7.61,15.7,6.27,2.0,0.48945147679324896,14.7,0.9961703199798438,3.11,Elegant,42.3
203,0.0351,95.0,2.68,0.0,0.4161,7.853,33.2,5.118,4.0,0.3150492264416315,14.7,0.9896195515243135,3.81,European,48.5
204,0.02009,95.0,2.68,0.0,0.4161,8.033999999999999,31.9,5.118,4.0,0.3150492264416315,14.7,0.9840010078105317,2.88,Mediterranean,50.0
205,0.13642,20.0,10.59,0.0,0.489,5.891,22.3,3.9454,4.0,0.38959212376933894,18.6,1.0,10.87,Pastoral,22.6
206,0.22969,20.0,10.59,0.0,0.489,6.3260000000000005,52.5,4.3549,4.0,0.38959212376933894,18.6,0.9948853615520283,10.97,Elegant,24.4
207,0.25199,20.0,10.59,0.0,0.489,5.783,72.7,4.3549,4.0,0.38959212376933894,18.6,0.9811791383219955,18.06,Elegant,22.5
208,0.13587,20.0,10.59,1.0,0.489,6.064,59.1,4.2392,4.0,0.38959212376933894,18.6,0.9607457797933989,14.66,modern,24.4
209,0.43571,20.0,10.59,1.0,0.489,5.3439999999999985,100.0,3.875,4.0,0.38959212376933894,18.6,1.0,23.09,Pastoral,20.0
210,0.17446,20.0,10.59,1.0,0.489,5.96,92.1,3.8771,4.0,0.38959212376933894,18.6,0.9908037288989671,17.27,Elegant,21.7
211,0.37578,20.0,10.59,1.0,0.489,5.404,88.6,3.665,4.0,0.38959212376933894,18.6,0.9958175862937768,23.98,Mediterranean,19.3
212,0.21719,20.0,10.59,1.0,0.489,5.807,53.8,3.6526,4.0,0.38959212376933894,18.6,0.9849836230788612,16.03,modern,22.4
213,0.14052,20.0,10.59,0.0,0.489,6.375,32.3,3.9454,4.0,0.38959212376933894,18.6,0.972058453010834,9.38,Elegant,28.1
214,0.28955,20.0,10.59,0.0,0.489,5.412000000000001,9.8,3.5875,4.0,0.38959212376933894,18.6,0.8791383219954649,29.55,Pastoral,23.7
215,0.19802,20.0,10.59,0.0,0.489,6.182,42.4,3.9454,4.0,0.38959212376933894,18.6,0.9917611489040061,9.47,European,25.0
216,0.0456,20.0,13.89,1.0,0.55,5.888,56.0,3.1121,5.0,0.3881856540084388,16.4,0.9896699420508945,13.51,modern,23.3
217,0.07013,20.0,13.89,0.0,0.55,6.642,85.1,3.4211,5.0,0.3881856540084388,16.4,0.9896195515243135,9.69,Pastoral,28.7
218,0.11069,20.0,13.89,1.0,0.55,5.9510000000000005,93.8,2.8893,5.0,0.3881856540084388,16.4,1.0,17.92,European,21.5
219,0.11425,20.0,13.89,1.0,0.55,6.372999999999998,92.4,3.3633,5.0,0.3881856540084388,16.4,0.9920382968002016,10.5,Elegant,23.0
220,0.35809,20.0,6.2,1.0,0.507,6.9510000000000005,88.5,2.8617,8.0,0.4317862165963432,17.4,0.9868984630889394,9.71,Pastoral,26.7
221,0.40771,20.0,6.2,1.0,0.507,6.164,91.3,3.048,8.0,0.4317862165963432,17.4,0.9958175862937768,21.46,modern,21.7
222,0.62356,20.0,6.2,1.0,0.507,6.879,77.7,3.2721,8.0,0.4317862165963432,17.4,0.9835978835978836,9.93,Elegant,27.5
223,0.6147,20.0,6.2,0.0,0.507,6.6179999999999986,80.8,3.2721,8.0,0.4317862165963432,17.4,1.0,7.6,modern,30.1
224,0.31533,20.0,6.2,0.0,0.504,8.266,78.3,2.8944,8.0,0.4317862165963432,17.4,0.9701436130007559,4.14,European,44.8
225,0.52693,20.0,6.2,0.0,0.504,8.725,83.0,2.8944,8.0,0.4317862165963432,17.4,0.962459057697153,4.63,modern,50.0
226,0.38214,20.0,6.2,0.0,0.504,8.04,86.5,3.2157,8.0,0.4317862165963432,17.4,0.9760141093474427,3.13,Mediterranean,37.6
227,0.41238,20.0,6.2,0.0,0.504,7.1629999999999985,79.9,3.2157,8.0,0.4317862165963432,17.4,0.9374653565129756,6.36,modern,31.6
228,0.29819,20.0,6.2,0.0,0.504,7.686,17.0,3.3751,8.0,0.4317862165963432,17.4,0.9511463844797179,3.92,modern,46.7
229,0.44178,20.0,6.2,0.0,0.504,6.5520000000000005,21.4,3.3751,8.0,0.4317862165963432,17.4,0.9582766439909297,3.76,European,31.5
230,0.537,20.0,6.2,0.0,0.504,5.981,68.1,3.6715,8.0,0.4317862165963432,17.4,0.9532627865961201,11.65,Mediterranean,24.3
231,0.46296,20.0,6.2,0.0,0.504,7.412000000000001,76.9,3.6715,8.0,0.4317862165963432,17.4,0.9476946334089191,5.25,European,31.7
232,0.57529,20.0,6.2,0.0,0.507,8.337,73.3,3.8384,8.0,0.4317862165963432,17.4,0.972310405643739,2.47,Pastoral,41.7
233,0.33147,20.0,6.2,0.0,0.507,8.247,70.4,3.6519,8.0,0.4317862165963432,17.4,0.95477450239355,3.95,European,48.3
234,0.44791,20.0,6.2,1.0,0.507,6.726,66.5,3.6519,8.0,0.4317862165963432,17.4,0.9075333837238599,8.05,Mediterranean,29.0
235,0.33045,20.0,6.2,0.0,0.507,6.086,61.5,3.6519,8.0,0.4317862165963432,17.4,0.9492315444696398,10.88,Mediterranean,24.0
236,0.52058,20.0,6.2,1.0,0.507,6.631,76.5,4.148,8.0,0.4317862165963432,17.4,0.9787100025195263,9.54,Mediterranean,25.1
237,0.51183,20.0,6.2,0.0,0.507,7.358,71.6,4.148,8.0,0.4317862165963432,17.4,0.9827916351725876,4.73,Mediterranean,31.5
238,0.08244,30.0,4.93,0.0,0.428,6.481,18.5,6.1899,6.0,0.4219409282700422,16.6,0.9559334845049132,6.36,Mediterranean,23.7
239,0.09252,30.0,4.93,0.0,0.428,6.606,42.2,6.1899,6.0,0.4219409282700422,16.6,0.9669438145628622,7.37,European,23.3
240,0.11329000000000003,30.0,4.93,0.0,0.428,6.897,54.3,6.3361,6.0,0.4219409282700422,16.6,0.9857646762408667,11.38,Elegant,22.0
241,0.10612,30.0,4.93,0.0,0.428,6.095,65.1,6.3361,6.0,0.4219409282700422,16.6,0.9942554799697657,12.4,Mediterranean,20.1
242,0.1029,30.0,4.93,0.0,0.428,6.358,52.9,7.0355,6.0,0.4219409282700422,16.6,0.9391534391534392,11.22,Elegant,22.2
243,0.12757000000000002,30.0,4.93,0.0,0.428,6.393,7.8,7.0355,6.0,0.4219409282700422,16.6,0.9440917107583774,5.19,Elegant,23.7
244,0.20608,22.0,5.86,0.0,0.431,5.593,76.5,7.9549,7.0,0.4641350210970464,19.1,0.9384983623078862,12.5,European,17.6
245,0.19133,22.0,5.86,0.0,0.431,5.605,70.2,7.9549,7.0,0.4641350210970464,19.1,0.9804232804232804,18.46,modern,18.5
246,0.33983,22.0,5.86,0.0,0.431,6.108,34.9,8.0555,7.0,0.4641350210970464,19.1,0.9830687830687831,9.16,Elegant,24.3
247,0.19657,22.0,5.86,0.0,0.431,6.226,79.2,8.0555,7.0,0.4641350210970464,19.1,0.9476946334089191,10.15,Mediterranean,20.5
248,0.16439,22.0,5.86,0.0,0.431,6.433,49.1,7.8265,7.0,0.4641350210970464,19.1,0.9440917107583774,9.52,modern,24.5
249,0.19073,22.0,5.86,0.0,0.431,6.718,17.5,7.8265,7.0,0.4641350210970464,19.1,0.9920382968002016,6.56,Mediterranean,26.2
250,0.1403,22.0,5.86,0.0,0.431,6.487,13.0,7.3967,7.0,0.4641350210970464,19.1,0.9984378936759889,5.9,European,24.4
251,0.21409,22.0,5.86,0.0,0.431,6.438,8.9,7.3967,7.0,0.4641350210970464,19.1,0.9500377928949358,3.59,European,24.8
252,0.08221,22.0,5.86,0.0,0.431,6.957000000000002,6.8,8.9067,7.0,0.4641350210970464,19.1,0.972763920382968,3.53,Elegant,29.6
253,0.36894,22.0,5.86,0.0,0.431,8.259,8.4,8.9067,7.0,0.4641350210970464,19.1,1.0,3.54,Mediterranean,42.8
254,0.04819,80.0,3.64,0.0,0.392,6.108,32.0,9.2203,1.0,0.4430379746835443,16.4,0.989896699420509,6.57,Mediterranean,21.9
255,0.035480000000000005,80.0,3.64,0.0,0.392,5.876,19.1,9.2203,1.0,0.4430379746835443,16.4,0.9956664147140338,9.25,Mediterranean,20.9
256,0.01538,90.0,3.75,0.0,0.394,7.454,34.2,6.3361,3.0,0.3431786216596343,15.9,0.9733938019652305,3.11,modern,44.0
257,0.61154,20.0,3.97,0.0,0.647,8.704,86.9,1.801,5.0,0.37130801687763715,13.0,0.981859410430839,5.12,Mediterranean,50.0
258,0.66351,20.0,3.97,0.0,0.647,7.332999999999998,100.0,1.8946,5.0,0.37130801687763715,13.0,0.9657092466616277,7.79,Pastoral,36.0
259,0.65665,20.0,3.97,0.0,0.647,6.8420000000000005,100.0,2.0107,5.0,0.37130801687763715,13.0,0.9874779541446209,6.9,Pastoral,30.1
260,0.5401100000000001,20.0,3.97,0.0,0.647,7.2029999999999985,81.8,2.1121,5.0,0.37130801687763715,13.0,0.9896699420508945,9.59,European,33.8
261,0.5341199999999999,20.0,3.97,0.0,0.647,7.52,89.4,2.1398,5.0,0.37130801687763715,13.0,0.9785084404132024,7.26,Mediterranean,43.1
262,0.5201399999999999,20.0,3.97,0.0,0.647,8.398,91.5,2.2885,5.0,0.37130801687763715,13.0,0.9747039556563367,5.91,Pastoral,48.8
263,0.82526,20.0,3.97,0.0,0.647,7.327000000000001,94.5,2.0788,5.0,0.37130801687763715,13.0,0.9912320483749056,11.25,modern,31.0
264,0.55007,20.0,3.97,0.0,0.647,7.206,91.6,1.9301,5.0,0.37130801687763715,13.0,0.9772990677752583,8.1,Elegant,36.5
265,0.76162,20.0,3.97,0.0,0.647,5.56,62.8,1.9865,5.0,0.37130801687763715,13.0,0.9886621315192744,10.45,European,22.8
266,0.7857,20.0,3.97,0.0,0.647,7.0139999999999985,84.6,2.1329,5.0,0.37130801687763715,13.0,0.9676744771982868,14.79,Elegant,30.7
267,0.57834,20.0,3.97,0.0,0.575,8.297,67.0,2.4216,5.0,0.37130801687763715,13.0,0.9688586545729404,7.44,Elegant,50.0
268,0.5405,20.0,3.97,0.0,0.575,7.47,52.6,2.872,5.0,0.37130801687763715,13.0,0.9833711262282692,3.16,Elegant,43.5
269,0.09065,20.0,6.96,1.0,0.464,5.92,61.5,3.9175,3.0,0.3136427566807314,18.6,0.9859914336104812,13.65,Pastoral,20.7
270,0.29916,20.0,6.96,0.0,0.464,5.856,42.1,4.4289999999999985,3.0,0.3136427566807314,18.6,0.9792139077853363,13.0,modern,21.1
271,0.16211,20.0,6.96,0.0,0.464,6.24,16.3,4.4289999999999985,3.0,0.3136427566807314,18.6,1.0,6.59,Mediterranean,25.2
272,0.1146,20.0,6.96,0.0,0.464,6.5379999999999985,58.7,3.9175,3.0,0.3136427566807314,18.6,0.9951121189216428,7.73,Elegant,24.4
273,0.22188,20.0,6.96,1.0,0.464,7.691,51.8,4.3665,3.0,0.3136427566807314,18.6,0.9845553036029226,6.58,European,35.2
274,0.05644,40.0,6.41,1.0,0.447,6.757999999999999,32.9,4.0776,4.0,0.35724331926863573,17.6,1.0,3.53,modern,32.4
275,0.09604,40.0,6.41,0.0,0.447,6.854,42.8,4.2673,4.0,0.35724331926863573,17.6,1.0,2.98,modern,32.0
276,0.10469,40.0,6.41,1.0,0.447,7.267,49.0,4.7872,4.0,0.35724331926863573,17.6,0.9807256235827665,6.05,Mediterranean,33.2
277,0.06127000000000001,40.0,6.41,1.0,0.447,6.8260000000000005,27.6,4.8628,4.0,0.35724331926863573,17.6,0.9913076341647771,4.16,European,33.1
278,0.07977999999999999,40.0,6.41,0.0,0.447,6.482,32.1,4.1403,4.0,0.35724331926863573,17.6,1.0,7.19,Pastoral,29.1
279,0.21038,20.0,3.33,0.0,0.4429,6.812,32.2,4.1007,5.0,0.3037974683544304,14.9,1.0,4.85,European,35.1
280,0.03578,20.0,3.33,0.0,0.4429,7.82,64.5,4.6947,5.0,0.3037974683544304,14.9,0.9758377425044092,3.76,European,45.4
281,0.03705,20.0,3.33,0.0,0.4429,6.968,37.2,5.2447,5.0,0.3037974683544304,14.9,0.9882338120433359,4.59,Mediterranean,35.4
282,0.06129,20.0,3.33,1.0,0.4429,7.645,49.7,5.2119,5.0,0.3037974683544304,14.9,0.9500377928949358,3.01,modern,46.0
283,0.01501,90.0,1.21,1.0,0.401,7.922999999999999,24.8,5.885,1.0,0.27848101265822783,13.6,0.9965230536659109,3.16,Elegant,50.0
284,0.00906,90.0,2.97,0.0,0.4,7.087999999999999,20.8,7.3073,1.0,0.4008438818565401,15.3,0.9945074326026708,7.85,European,32.2
285,0.01096,55.0,2.25,0.0,0.389,6.4529999999999985,31.9,7.3073,1.0,0.4219409282700422,15.3,0.9945074326026708,8.23,Elegant,22.0
286,0.01965,80.0,1.76,0.0,0.385,6.23,31.5,9.0892,1.0,0.3389592123769339,18.2,0.8606701940035274,12.93,Elegant,20.1
287,0.03871,52.5,5.32,0.0,0.405,6.209,31.3,7.3172,6.0,0.4120956399437412,16.6,1.0,7.14,Pastoral,23.2
288,0.0459,52.5,5.32,0.0,0.405,6.315,45.6,7.3172,6.0,0.4120956399437412,16.6,1.0,7.6,modern,22.3
289,0.04297,52.5,5.32,0.0,0.405,6.565,22.9,7.3172,6.0,0.4120956399437412,16.6,0.9365583270345176,9.51,Elegant,24.8
290,0.03502,80.0,4.95,0.0,0.411,6.8610000000000015,27.9,5.1167,4.0,0.34458509142053445,19.2,1.0,3.33,Pastoral,28.5
291,0.07886,80.0,4.95,0.0,0.411,7.148,27.7,5.1167,4.0,0.34458509142053445,19.2,1.0,3.56,Elegant,37.3
292,0.03615,80.0,4.95,0.0,0.411,6.63,23.4,5.1167,4.0,0.34458509142053445,19.2,1.0,4.7,Elegant,27.9
293,0.08265,20.0,13.92,0.0,0.4370000000000001,6.127000000000002,18.4,5.5027,4.0,0.40646976090014064,16.0,1.0,8.58,Mediterranean,23.9
294,0.08199,20.0,13.92,0.0,0.4370000000000001,6.009,42.3,5.5027,4.0,0.40646976090014064,16.0,1.0,10.4,European,21.7
295,0.12932000000000002,20.0,13.92,0.0,0.4370000000000001,6.678,31.1,5.9604,4.0,0.40646976090014064,16.0,1.0,6.27,Pastoral,28.6
296,0.05372,20.0,13.92,0.0,0.4370000000000001,6.549,51.0,5.9604,4.0,0.40646976090014064,16.0,0.989795918367347,7.39,modern,27.1
297,0.14103,20.0,13.92,0.0,0.4370000000000001,5.79,58.0,6.32,4.0,0.40646976090014064,16.0,1.0,15.84,European,20.3
298,0.06466000000000001,70.0,2.24,0.0,0.4,6.345,20.1,7.8278,5.0,0.5035161744022504,14.8,0.9277903754094231,4.97,Pastoral,22.5
299,0.05561,70.0,2.24,0.0,0.4,7.041,10.0,7.8278,5.0,0.5035161744022504,14.8,0.9362055933484505,4.74,modern,29.0
300,0.04417,70.0,2.24,0.0,0.4,6.871,47.4,7.8278,5.0,0.5035161744022504,14.8,0.9847820609725373,6.07,Mediterranean,24.8
301,0.03537,34.0,6.09,0.0,0.433,6.59,40.4,5.4917,7.0,0.46272855133614627,16.1,0.9971025447215924,9.5,Mediterranean,22.0
302,0.09266,34.0,6.09,0.0,0.433,6.495,18.4,5.4917,7.0,0.46272855133614627,16.1,0.9665154950869237,8.67,European,26.4
303,0.1,34.0,6.09,0.0,0.433,6.982,17.7,5.4917,7.0,0.46272855133614627,16.1,0.9836986646510457,4.86,European,33.1
304,0.05515,33.0,2.18,0.0,0.472,7.2360000000000015,41.1,4.022,7.0,0.31223628691983124,18.4,0.9918871252204586,6.93,European,36.1
305,0.05479,33.0,2.18,0.0,0.472,6.6160000000000005,58.1,3.37,7.0,0.31223628691983124,18.4,0.9910808767951625,8.93,Elegant,28.4
306,0.07503,33.0,2.18,0.0,0.472,7.42,71.9,3.0992,7.0,0.31223628691983124,18.4,1.0,6.47,Pastoral,33.4
307,0.04932,33.0,2.18,0.0,0.472,6.849,70.3,3.1827,7.0,0.31223628691983124,18.4,1.0,7.53,modern,28.2
308,0.49298,20.0,9.9,0.0,0.544,6.635,82.5,3.3175,4.0,0.42756680731364277,18.4,1.0,4.54,Pastoral,22.8
309,0.3494,20.0,9.9,0.0,0.544,5.972,76.7,3.1025,4.0,0.42756680731364277,18.4,0.998337112622827,9.97,European,20.3
310,2.63548,20.0,9.9,0.0,0.544,4.973,37.8,2.5194,4.0,0.42756680731364277,18.4,0.8829680020156211,12.64,Mediterranean,16.1
311,0.7904100000000001,20.0,9.9,0.0,0.544,6.122000000000001,52.8,2.6403,4.0,0.42756680731364277,18.4,1.0,5.98,Pastoral,22.1
312,0.26169000000000003,20.0,9.9,0.0,0.544,6.023,90.4,2.834,4.0,0.42756680731364277,18.4,0.99848828420257,11.72,modern,19.4
313,0.26938,20.0,9.9,0.0,0.544,6.266,82.8,3.2628,4.0,0.42756680731364277,18.4,0.991156462585034,7.9,European,21.6
314,0.3692,20.0,9.9,0.0,0.544,6.567,87.3,3.6023,4.0,0.42756680731364277,18.4,0.9969513731418493,9.28,European,23.8
315,0.25356,20.0,9.9,0.0,0.544,5.705,77.7,3.945,4.0,0.42756680731364277,18.4,0.998790627362056,11.5,Pastoral,16.2
316,0.31827,20.0,9.9,0.0,0.544,5.914,83.2,3.9986,4.0,0.42756680731364277,18.4,0.9843789367598892,18.33,European,17.8
317,0.24522,20.0,9.9,0.0,0.544,5.782,71.7,4.0317,4.0,0.42756680731364277,18.4,1.0,15.94,Pastoral,19.8
318,0.40202,20.0,9.9,0.0,0.544,6.3820000000000014,67.2,3.5325,4.0,0.42756680731364277,18.4,0.9957420005039053,10.36,Mediterranean,23.1
319,0.47547,20.0,9.9,0.0,0.544,6.113,58.8,4.0019,4.0,0.42756680731364277,18.4,0.9983119173595365,12.73,European,21.0
320,0.1676,20.0,7.38,0.0,0.493,6.426,52.3,4.5404,5.0,0.40365682137834036,19.6,1.0,7.2,modern,23.8
321,0.18159,20.0,7.38,0.0,0.493,6.376,54.3,4.5404,5.0,0.40365682137834036,19.6,1.0,6.87,Elegant,23.1
322,0.35114,20.0,7.38,0.0,0.493,6.041,49.9,4.7211,5.0,0.40365682137834036,19.6,1.0,7.7,Pastoral,20.4
323,0.28392,20.0,7.38,0.0,0.493,5.707999999999998,74.3,4.7211,5.0,0.40365682137834036,19.6,0.9854623330813808,11.74,modern,18.5
324,0.34109,20.0,7.38,0.0,0.493,6.415,40.1,4.7211,5.0,0.40365682137834036,19.6,1.0,6.12,modern,25.0
325,0.19186,20.0,7.38,0.0,0.493,6.431,14.7,5.4159,5.0,0.40365682137834036,19.6,0.9918871252204586,5.08,Mediterranean,24.6
326,0.30347,20.0,7.38,0.0,0.493,6.312,28.9,5.4159,5.0,0.40365682137834036,19.6,1.0,6.15,modern,23.0
327,0.24103,20.0,7.38,0.0,0.493,6.082999999999998,43.7,5.4159,5.0,0.40365682137834036,19.6,1.0,12.79,modern,22.2
328,0.06617,20.0,3.24,0.0,0.46,5.8679999999999986,25.8,5.2146,4.0,0.6047819971870605,16.9,0.9635676492819351,9.97,Pastoral,19.3
329,0.06724,20.0,3.24,0.0,0.46,6.332999999999998,17.2,5.2146,4.0,0.6047819971870605,16.9,0.9453514739229025,7.34,Pastoral,22.6
330,0.04544,20.0,3.24,0.0,0.46,6.144,32.2,5.8736,4.0,0.6047819971870605,16.9,0.9286218190980096,9.09,Mediterranean,19.8
331,0.05023,35.0,6.06,0.0,0.4379,5.706,28.4,6.6407,1.0,0.42756680731364277,16.9,0.9927437641723356,12.43,Elegant,17.1
332,0.03466,35.0,6.06,0.0,0.4379,6.0310000000000015,23.3,6.6407,1.0,0.42756680731364277,16.9,0.9126984126984128,7.83,European,19.4
333,0.05083,20.0,5.19,0.0,0.515,6.316,38.1,6.4584,5.0,0.3150492264416315,20.2,0.9818846056941295,5.68,European,22.2
334,0.03738,20.0,5.19,0.0,0.515,6.31,38.5,6.4584,5.0,0.3150492264416315,20.2,0.981103552532124,6.75,Mediterranean,20.7
335,0.03961,20.0,5.19,0.0,0.515,6.037000000000001,34.5,5.9853,5.0,0.3150492264416315,20.2,1.0,8.01,European,21.1
336,0.03427,20.0,5.19,0.0,0.515,5.869,46.3,5.2311,5.0,0.3150492264416315,20.2,1.0,9.8,modern,19.5
337,0.030410000000000006,20.0,5.19,0.0,0.515,5.895,59.6,5.615,5.0,0.3150492264416315,20.2,0.9947341899722852,10.56,Pastoral,18.5
338,0.03306,20.0,5.19,0.0,0.515,6.059,37.3,4.8122,5.0,0.3150492264416315,20.2,0.9980851599899219,8.51,modern,20.6
339,0.054970000000000005,20.0,5.19,0.0,0.515,5.985,45.4,4.8122,5.0,0.3150492264416315,20.2,1.0,9.74,modern,19.0
340,0.06151,20.0,5.19,0.0,0.515,5.968,58.5,4.8122,5.0,0.3150492264416315,20.2,1.0,9.29,Pastoral,18.7
341,0.01301,35.0,1.52,0.0,0.442,7.241,49.3,7.0379,1.0,0.39943741209563993,15.5,0.9945578231292518,5.49,modern,32.7
342,0.02498,20.0,1.89,0.0,0.518,6.54,59.7,6.2669,1.0,0.5935302390998594,15.9,0.982514487276392,8.65,Mediterranean,16.5
343,0.02543,55.0,3.78,0.0,0.484,6.6960000000000015,56.4,5.7321,5.0,0.5203938115330521,17.6,1.0,7.18,Elegant,23.9
344,0.03049,55.0,3.78,0.0,0.484,6.874,28.1,6.4654,5.0,0.5203938115330521,17.6,0.9775006298815824,4.61,Elegant,31.2
345,0.03113,20.0,4.39,0.0,0.442,6.0139999999999985,48.5,8.0136,3.0,0.49507735583684953,18.8,0.9716301335348955,10.53,Elegant,17.5
346,0.06162,20.0,4.39,0.0,0.442,5.898,52.3,8.0136,3.0,0.49507735583684953,18.8,0.9186444948349711,12.67,Elegant,17.2
347,0.0187,85.0,4.15,0.0,0.429,6.516,27.7,8.5353,4.0,0.4936708860759494,17.9,0.988737717309146,6.36,modern,23.1
348,0.01501,80.0,2.01,0.0,0.435,6.635,29.7,8.344,4.0,0.39381153305203936,17.0,0.9849836230788612,5.99,Elegant,24.5
349,0.02899,40.0,1.25,0.0,0.429,6.939,34.5,8.7921,1.0,0.4711673699015471,19.7,0.9822373393801966,5.89,Pastoral,26.6
350,0.06211000000000001,40.0,1.25,0.0,0.429,6.49,44.4,8.7921,1.0,0.4711673699015471,19.7,1.0,5.98,Pastoral,22.9
351,0.0795,60.0,1.69,0.0,0.411,6.579,35.9,10.7103,4.0,0.5780590717299579,18.3,0.9341899722852104,5.49,European,24.1
352,0.07244,60.0,1.69,0.0,0.411,5.884,18.5,10.7103,4.0,0.5780590717299579,18.3,0.9884857646762408,7.79,Pastoral,18.6
353,0.01709,90.0,2.02,0.0,0.41,6.728,36.1,12.1265,5.0,0.2630098452883263,17.0,0.9686570924666162,4.5,Elegant,30.1
354,0.04301,80.0,1.91,0.0,0.413,5.6629999999999985,21.9,10.5857,4.0,0.469760900140647,22.0,0.9644746787603932,8.05,Pastoral,18.2
355,0.10659,80.0,1.91,0.0,0.413,5.936,19.5,10.5857,4.0,0.469760900140647,22.0,0.9474426807760142,5.57,Elegant,20.6
356,8.98296,20.0,18.1,1.0,0.77,6.2120000000000015,97.4,2.1222,24.0,0.9367088607594937,20.2,0.951700680272109,17.6,Elegant,17.8
357,3.8497,20.0,18.1,1.0,0.77,6.395,91.0,2.5052,24.0,0.9367088607594937,20.2,0.9859914336104812,13.27,modern,21.7
358,5.20177,20.0,18.1,1.0,0.77,6.127000000000002,83.4,2.7227,24.0,0.9367088607594937,20.2,0.9962962962962963,11.48,modern,22.7
359,4.26131,20.0,18.1,0.0,0.77,6.112,81.3,2.5091,24.0,0.9367088607594937,20.2,0.9844797178130512,12.67,European,22.6
360,4.541919999999998,20.0,18.1,0.0,0.77,6.398,88.0,2.5182,24.0,0.9367088607594937,20.2,0.94371378180902,7.79,Pastoral,25.0
361,3.83684,20.0,18.1,0.0,0.77,6.251,91.1,2.2955,24.0,0.9367088607594937,20.2,0.8834719072814311,14.19,modern,19.9
362,3.67822,20.0,18.1,0.0,0.77,5.362,96.2,2.1036,24.0,0.9367088607594937,20.2,0.9594104308390023,10.19,modern,20.8
363,4.22239,20.0,18.1,1.0,0.77,5.803,89.0,1.9047,24.0,0.9367088607594937,20.2,0.889493575207861,14.64,Pastoral,16.8
364,3.4742800000000003,20.0,18.1,1.0,0.718,8.78,82.9,1.9047,24.0,0.9367088607594937,20.2,0.8932980599647267,5.29,modern,21.9
365,4.55587,20.0,18.1,0.0,0.718,3.5610000000000004,87.9,1.6132,24.0,0.9367088607594937,20.2,0.8936759889140842,7.12,European,27.5
366,3.69695,20.0,18.1,0.0,0.718,4.963,91.4,1.7523,24.0,0.9367088607594937,20.2,0.7962459057697153,14.0,Elegant,21.9
367,13.5222,20.0,18.1,0.0,0.631,3.863,100.0,1.5106,24.0,0.9367088607594937,20.2,0.3311161501637692,13.33,European,23.1
368,4.8982199999999985,20.0,18.1,0.0,0.631,4.97,100.0,1.3325,24.0,0.9367088607594937,20.2,0.946132527084908,3.26,European,50.0
369,5.669980000000002,20.0,18.1,1.0,0.631,6.683,96.8,1.3567,24.0,0.9367088607594937,20.2,0.9456538170823885,3.73,European,50.0
370,6.53876,20.0,18.1,1.0,0.631,7.016,97.5,1.2024,24.0,0.9367088607594937,20.2,0.9877802973041069,2.96,Mediterranean,50.0
371,9.2323,20.0,18.1,0.0,0.631,6.216,100.0,1.1691,24.0,0.9367088607594937,20.2,0.9225245653817082,9.53,Elegant,50.0
372,8.26725,20.0,18.1,1.0,0.6679999999999999,5.875,89.6,1.1296,24.0,0.9367088607594937,20.2,0.8764928193499623,8.88,European,50.0
373,11.1081,20.0,18.1,0.0,0.6679999999999999,4.9060000000000015,100.0,1.1742,24.0,0.9367088607594937,20.2,1.0,34.77,Pastoral,13.8
374,18.4982,20.0,18.1,0.0,0.6679999999999999,4.138,100.0,1.137,24.0,0.9367088607594937,20.2,1.0,37.97,Mediterranean,13.8
375,19.6091,20.0,18.1,0.0,0.6709999999999999,7.313,97.9,1.3163,24.0,0.9367088607594937,20.2,1.0,13.44,modern,15.0
376,15.288,20.0,18.1,0.0,0.6709999999999999,6.649,93.3,1.3449,24.0,0.9367088607594937,20.2,0.9146384479717813,23.24,Mediterranean,13.9
377,9.82349,20.0,18.1,0.0,0.6709999999999999,6.794,98.8,1.358,24.0,0.9367088607594937,20.2,1.0,21.24,Pastoral,13.3
378,23.6482,20.0,18.1,0.0,0.6709999999999999,6.38,96.2,1.3861,24.0,0.9367088607594937,20.2,1.0,23.69,Mediterranean,13.1
379,17.8667,20.0,18.1,0.0,0.6709999999999999,6.223,100.0,1.3861,24.0,0.9367088607594937,20.2,0.9920382968002016,21.78,Elegant,10.2
380,88.9762,20.0,18.1,0.0,0.6709999999999999,6.968,91.9,1.4165,24.0,0.9367088607594937,20.2,1.0,17.21,Mediterranean,10.4
381,15.8744,20.0,18.1,0.0,0.6709999999999999,6.545,99.1,1.5192,24.0,0.9367088607594937,20.2,1.0,21.08,Elegant,10.9
382,9.18702,20.0,18.1,0.0,0.7,5.5360000000000005,100.0,1.5804,24.0,0.9367088607594937,20.2,1.0,23.6,Pastoral,11.3
383,7.99248,20.0,18.1,0.0,0.7,5.52,100.0,1.5331,24.0,0.9367088607594937,20.2,1.0,24.56,Mediterranean,12.3
384,20.0849,20.0,18.1,0.0,0.7,4.368,91.2,1.4395,24.0,0.9367088607594937,20.2,0.7201562106324011,30.63,European,8.8
385,16.8118,20.0,18.1,0.0,0.7,5.277,98.1,1.4261,24.0,0.9367088607594937,20.2,1.0,30.81,modern,7.2
386,24.3938,20.0,18.1,0.0,0.7,4.652,100.0,1.4672,24.0,0.9367088607594937,20.2,1.0,28.28,Mediterranean,10.5
387,22.5971,20.0,18.1,0.0,0.7,5.0,89.5,1.5184,24.0,0.9367088607594937,20.2,1.0,31.99,European,7.4
388,14.3337,20.0,18.1,0.0,0.7,4.88,100.0,1.5895,24.0,0.9367088607594937,20.2,0.9395817586293778,30.62,Mediterranean,10.2
389,8.15174,20.0,18.1,0.0,0.7,5.39,98.9,1.7281,24.0,0.9367088607594937,20.2,1.0,20.85,European,11.5
390,6.96215,20.0,18.1,0.0,0.7,5.712999999999999,97.0,1.9265,24.0,0.9367088607594937,20.2,0.9937767699672463,17.11,Mediterranean,15.1
391,5.29305,20.0,18.1,0.0,0.7,6.051,82.5,2.1678,24.0,0.9367088607594937,20.2,0.9533383723859915,18.76,Elegant,23.2
392,11.5779,20.0,18.1,0.0,0.7,5.0360000000000005,97.0,1.77,24.0,0.9367088607594937,20.2,1.0,25.68,Elegant,9.7
393,8.64476,20.0,18.1,0.0,0.693,6.193,92.6,1.7912,24.0,0.9367088607594937,20.2,1.0,15.17,modern,13.8
394,13.3598,20.0,18.1,0.0,0.693,5.8870000000000005,94.7,1.7821,24.0,0.9367088607594937,20.2,1.0,16.35,modern,12.7
395,8.71675,20.0,18.1,0.0,0.693,6.471,98.8,1.7257,24.0,0.9367088607594937,20.2,0.9876039304610734,17.12,Mediterranean,13.1
396,5.87205,20.0,18.1,0.0,0.693,6.405,96.0,1.6768,24.0,0.9367088607594937,20.2,1.0,19.37,Elegant,12.5
397,7.67202,20.0,18.1,0.0,0.693,5.747000000000001,98.9,1.6334,24.0,0.9367088607594937,20.2,0.9904257999496096,19.92,modern,8.5
398,38.3518,20.0,18.1,0.0,0.693,5.4529999999999985,100.0,1.4896,24.0,0.9367088607594937,20.2,1.0,30.59,Pastoral,5.0
399,9.91655,20.0,18.1,0.0,0.693,5.852,77.8,1.5004,24.0,0.9367088607594937,20.2,0.852003023431595,29.97,European,6.3
400,25.0461,20.0,18.1,0.0,0.693,5.987,100.0,1.5888,24.0,0.9367088607594937,20.2,1.0,26.77,Mediterranean,5.6
401,14.2362,20.0,18.1,0.0,0.693,6.343,100.0,1.5741,24.0,0.9367088607594937,20.2,1.0,20.32,European,7.2
402,9.59571,20.0,18.1,0.0,0.693,6.404,100.0,1.639,24.0,0.9367088607594937,20.2,0.9476190476190477,20.31,Elegant,12.1
403,24.8017,20.0,18.1,0.0,0.693,5.349,96.0,1.7028,24.0,0.9367088607594937,20.2,1.0,19.77,modern,8.3
404,41.5292,20.0,18.1,0.0,0.693,5.5310000000000015,85.4,1.6074,24.0,0.9367088607594937,20.2,0.8300831443688587,27.38,Mediterranean,8.5
405,67.9208,20.0,18.1,0.0,0.693,5.683,100.0,1.4254,24.0,0.9367088607594937,20.2,0.969942050894432,22.98,European,5.0
406,20.7162,20.0,18.1,0.0,0.659,4.138,100.0,1.1781,24.0,0.9367088607594937,20.2,0.9327790375409424,23.34,European,11.9
407,11.9511,20.0,18.1,0.0,0.659,5.608,100.0,1.2852,24.0,0.9367088607594937,20.2,0.8367094986142605,12.13,European,27.9
408,7.40389,20.0,18.1,0.0,0.597,5.617000000000001,97.9,1.4547,24.0,0.9367088607594937,20.2,0.7927437641723356,26.4,European,17.2
409,14.4383,20.0,18.1,0.0,0.597,6.852,100.0,1.4655,24.0,0.9367088607594937,20.2,0.4519022423784329,19.78,Pastoral,27.5
410,51.1358,20.0,18.1,0.0,0.597,5.7570000000000014,100.0,1.413,24.0,0.9367088607594937,20.2,0.006550768455530361,10.11,Mediterranean,15.0
411,14.0507,20.0,18.1,0.0,0.597,6.657,100.0,1.5275,24.0,0.9367088607594937,20.2,0.08830939783320735,21.22,Mediterranean,17.2
412,18.811,20.0,18.1,0.0,0.597,4.628,100.0,1.5539,24.0,0.9367088607594937,20.2,0.07253716301335349,34.37,Mediterranean,17.9
413,28.6558,20.0,18.1,0.0,0.597,5.155,100.0,1.5894,24.0,0.9367088607594937,20.2,0.5315444696397078,20.08,Mediterranean,16.3
414,45.7461,20.0,18.1,0.0,0.693,4.519,100.0,1.6582,24.0,0.9367088607594937,20.2,0.22239858906525573,36.98,Mediterranean,7.0
415,18.0846,20.0,18.1,0.0,0.679,6.434,100.0,1.8347,24.0,0.9367088607594937,20.2,0.06865709246661628,29.05,Pastoral,7.2
416,10.8342,20.0,18.1,0.0,0.679,6.782,90.8,1.8195,24.0,0.9367088607594937,20.2,0.054346182917611494,25.79,Elegant,7.5
417,25.9406,20.0,18.1,0.0,0.679,5.3039999999999985,89.1,1.6475,24.0,0.9367088607594937,20.2,0.32088687326782567,26.64,modern,10.4
418,73.5341,20.0,18.1,0.0,0.679,5.957000000000002,100.0,1.8026,24.0,0.9367088607594937,20.2,0.04144620811287478,20.62,Elegant,8.8
419,11.8123,20.0,18.1,0.0,0.718,6.824,76.5,1.794,24.0,0.9367088607594937,20.2,0.12207105064247922,22.74,Pastoral,8.4
420,11.0874,20.0,18.1,0.0,0.718,6.4110000000000005,100.0,1.8589,24.0,0.9367088607594937,20.2,0.8030990173847317,15.02,Mediterranean,16.7
421,7.022589999999999,20.0,18.1,0.0,0.718,6.006,95.3,1.8746,24.0,0.9367088607594937,20.2,0.8061980347694634,15.7,Mediterranean,14.2
422,12.0482,20.0,18.1,0.0,0.614,5.648,87.6,1.9512,24.0,0.9367088607594937,20.2,0.7345679012345679,14.1,modern,20.8
423,7.05042,20.0,18.1,0.0,0.614,6.103,85.1,2.0218,24.0,0.9367088607594937,20.2,0.006349206349206349,23.29,Elegant,13.4
424,8.792119999999999,20.0,18.1,0.0,0.584,5.565,70.6,2.0635,24.0,0.9367088607594937,20.2,0.009196271101033006,17.16,Elegant,11.7
425,15.8603,20.0,18.1,0.0,0.679,5.896,95.4,1.9096,24.0,0.9367088607594937,20.2,0.019349962207105064,24.39,modern,8.3
426,12.2472,20.0,18.1,0.0,0.584,5.8370000000000015,59.7,1.9976,24.0,0.9367088607594937,20.2,0.062106324011085914,15.69,European,10.2
427,37.6619,20.0,18.1,0.0,0.679,6.202000000000001,78.7,1.8629,24.0,0.9367088607594937,20.2,0.04741748551272361,14.52,modern,10.9
428,7.36711,20.0,18.1,0.0,0.679,6.193,78.1,1.9356,24.0,0.9367088607594937,20.2,0.24371378180901992,21.52,Elegant,11.0
429,9.33889,20.0,18.1,0.0,0.679,6.38,95.6,1.9682,24.0,0.9367088607594937,20.2,0.15298563869992443,24.08,Pastoral,9.5
430,8.49213,20.0,18.1,0.0,0.584,6.348,86.1,2.0527,24.0,0.9367088607594937,20.2,0.2102544721592341,17.64,Mediterranean,14.5
431,10.0623,20.0,18.1,0.0,0.584,6.832999999999998,94.3,2.0882,24.0,0.9367088607594937,20.2,0.20491307634164777,19.69,Elegant,14.1
432,6.44405,20.0,18.1,0.0,0.584,6.425,74.8,2.2004,24.0,0.9367088607594937,20.2,0.2467876039304611,12.03,European,16.1
433,5.58107,20.0,18.1,0.0,0.713,6.436,87.9,2.3158,24.0,0.9367088607594937,20.2,0.2524313429075334,16.22,Pastoral,14.3
434,13.9134,20.0,18.1,0.0,0.713,6.207999999999998,95.0,2.2222,24.0,0.9367088607594937,20.2,0.25353993449231543,15.17,European,11.7
435,11.1604,20.0,18.1,0.0,0.74,6.629,94.6,2.1247,24.0,0.9367088607594937,20.2,0.2767699672461577,23.27,modern,13.4
436,14.4208,20.0,18.1,0.0,0.74,6.461,93.3,2.0026,24.0,0.9367088607594937,20.2,0.06926177878558831,18.05,Mediterranean,9.6
437,15.1772,20.0,18.1,0.0,0.74,6.152,100.0,1.9142,24.0,0.9367088607594937,20.2,0.023481985386747294,26.45,Mediterranean,8.7
438,13.6781,20.0,18.1,0.0,0.74,5.935,87.9,1.8206,24.0,0.9367088607594937,20.2,0.17372134038800707,34.02,European,8.4
439,9.39063,20.0,18.1,0.0,0.74,5.627000000000002,93.9,1.8172,24.0,0.9367088607594937,20.2,1.0,22.88,Pastoral,12.8
440,22.0511,20.0,18.1,0.0,0.74,5.818,92.4,1.8662,24.0,0.9367088607594937,20.2,0.9862685815066767,22.11,European,10.5
441,9.72418,20.0,18.1,0.0,0.74,6.4060000000000015,97.2,2.0651,24.0,0.9367088607594937,20.2,0.9724363819601914,19.52,Pastoral,17.1
442,5.66637,20.0,18.1,0.0,0.74,6.2189999999999985,100.0,2.0048,24.0,0.9367088607594937,20.2,0.9969513731418493,16.59,Pastoral,18.4
443,9.96654,20.0,18.1,0.0,0.74,6.485,100.0,1.9784,24.0,0.9367088607594937,20.2,0.9743764172335602,18.85,European,15.4
444,12.8023,20.0,18.1,0.0,0.74,5.854,96.6,1.8956,24.0,0.9367088607594937,20.2,0.6059964726631394,23.79,modern,10.8
445,0.6718,20.0,18.1,0.0,0.74,6.459,94.8,1.9879,24.0,0.9367088607594937,20.2,0.10849080372889898,23.98,Elegant,11.8
446,6.2880699999999985,20.0,18.1,0.0,0.74,6.341,96.4,2.072,24.0,0.9367088607594937,20.2,0.8012345679012346,17.79,Pastoral,14.9
447,9.92485,20.0,18.1,0.0,0.74,6.251,96.6,2.198,24.0,0.9367088607594937,20.2,0.9788863693625598,16.44,Mediterranean,12.6
448,9.32909,20.0,18.1,0.0,0.713,6.185,98.7,2.2616,24.0,0.9367088607594937,20.2,1.0,18.13,European,14.1
449,7.52601,20.0,18.1,0.0,0.713,6.417000000000002,98.3,2.185,24.0,0.9367088607594937,20.2,0.7664651045603427,19.31,Elegant,13.0
450,6.71772,20.0,18.1,0.0,0.713,6.749,92.6,2.3236,24.0,0.9367088607594937,20.2,0.0008062484252960444,17.44,Elegant,13.4
451,5.44114,20.0,18.1,0.0,0.713,6.655,98.2,2.3552,24.0,0.9367088607594937,20.2,0.8951625094482238,17.73,modern,15.2
452,5.09017,20.0,18.1,0.0,0.713,6.2970000000000015,91.8,2.3682,24.0,0.9367088607594937,20.2,0.9702443940539178,17.27,Elegant,16.1
453,8.24809,20.0,18.1,0.0,0.713,7.393,99.3,2.4527,24.0,0.9367088607594937,20.2,0.9470143613000757,16.74,Pastoral,17.8
454,9.51363,20.0,18.1,0.0,0.713,6.728,94.1,2.4961,24.0,0.9367088607594937,20.2,0.016830435878054925,18.71,modern,14.9
455,4.75237,20.0,18.1,0.0,0.713,6.525,86.5,2.4358,24.0,0.9367088607594937,20.2,0.12829428067523307,18.13,Pastoral,14.1
456,4.668830000000002,20.0,18.1,0.0,0.713,5.976,87.9,2.5806,24.0,0.9367088607594937,20.2,0.026404635928445455,19.01,Pastoral,12.7
457,8.20058,20.0,18.1,0.0,0.713,5.936,80.3,2.7792,24.0,0.9367088607594937,20.2,0.008818342151675486,16.94,Mediterranean,13.5
458,7.75223,20.0,18.1,0.0,0.713,6.301,83.7,2.7831,24.0,0.9367088607594937,20.2,0.6858402620307382,16.23,Mediterranean,14.9
459,6.80117,20.0,18.1,0.0,0.713,6.081,84.4,2.7175,24.0,0.9367088607594937,20.2,1.0,14.7,modern,20.0
460,4.812130000000002,20.0,18.1,0.0,0.713,6.7010000000000005,90.0,2.5975,24.0,0.9367088607594937,20.2,0.6430587049634668,16.42,Elegant,16.4
461,3.69311,20.0,18.1,0.0,0.713,6.376,88.4,2.5671,24.0,0.9367088607594937,20.2,0.9862181909800958,14.65,European,17.7
462,6.65492,20.0,18.1,0.0,0.713,6.317,83.0,2.7344,24.0,0.9367088607594937,20.2,1.0,13.99,European,19.5
463,5.82115,20.0,18.1,0.0,0.713,6.513,89.9,2.8016,24.0,0.9367088607594937,20.2,0.9922398589065257,10.29,Elegant,20.2
464,7.83932,20.0,18.1,0.0,0.655,6.209,65.4,2.9634,24.0,0.9367088607594937,20.2,1.0,13.22,Elegant,21.4
465,3.1636,20.0,18.1,0.0,0.655,5.759,48.2,3.0665,24.0,0.9367088607594937,20.2,0.8425296044343663,14.13,modern,19.9
466,3.77498,20.0,18.1,0.0,0.655,5.952000000000001,84.7,2.8715,24.0,0.9367088607594937,20.2,0.055454774502393556,17.15,European,19.0
467,4.4222800000000015,20.0,18.1,0.0,0.584,6.002999999999999,94.5,2.5403,24.0,0.9367088607594937,20.2,0.8346938775510205,21.32,European,19.1
468,15.5757,20.0,18.1,0.0,0.58,5.926,71.0,2.9084,24.0,0.9367088607594937,20.2,0.9290501385739481,18.13,Mediterranean,19.1
469,13.0751,20.0,18.1,0.0,0.58,5.712999999999999,56.7,2.8237,24.0,0.9367088607594937,20.2,1.0,14.76,Pastoral,20.1
470,4.34879,20.0,18.1,0.0,0.58,6.167000000000002,84.0,3.0334,24.0,0.9367088607594937,20.2,1.0,16.29,Elegant,19.9
471,4.03841,20.0,18.1,0.0,0.532,6.229,90.7,3.0993,24.0,0.9367088607594937,20.2,0.9960443436633913,12.87,Mediterranean,19.6
472,3.56868,20.0,18.1,0.0,0.58,6.437,75.0,2.8965,24.0,0.9367088607594937,20.2,0.991106072058453,14.36,modern,23.2
473,4.64689,20.0,18.1,0.0,0.614,6.98,67.6,2.5329,24.0,0.9367088607594937,20.2,0.944016124968506,11.66,Pastoral,29.8
474,8.05579,20.0,18.1,0.0,0.584,5.4270000000000005,95.4,2.4298,24.0,0.9367088607594937,20.2,0.8883345930964979,18.14,Mediterranean,13.8
475,6.39312,20.0,18.1,0.0,0.584,6.162000000000001,97.4,2.206,24.0,0.9367088607594937,20.2,0.76281179138322,24.1,Elegant,13.3
476,4.87141,20.0,18.1,0.0,0.614,6.484,93.6,2.3053,24.0,0.9367088607594937,20.2,0.9982615268329554,18.68,European,16.7
477,15.0234,20.0,18.1,0.0,0.614,5.3039999999999985,97.3,2.1007,24.0,0.9367088607594937,20.2,0.8805240614764426,24.91,Pastoral,12.0
478,10.233,20.0,18.1,0.0,0.614,6.185,96.7,2.1705,24.0,0.9367088607594937,20.2,0.9566641471403377,18.03,European,14.6
479,14.3337,20.0,18.1,0.0,0.614,6.229,88.0,1.9512,24.0,0.9367088607594937,20.2,0.9657848324514992,13.11,European,21.4
480,5.82401,20.0,18.1,0.0,0.532,6.242000000000001,64.7,3.4242,24.0,0.9367088607594937,20.2,1.0,10.74,European,23.0
481,5.7081800000000005,20.0,18.1,0.0,0.532,6.75,74.9,3.3317,24.0,0.9367088607594937,20.2,0.990350214159738,7.74,Mediterranean,23.7
482,5.73116,20.0,18.1,0.0,0.532,7.061,77.0,3.4106,24.0,0.9367088607594937,20.2,0.9959183673469387,7.01,Pastoral,25.0
483,2.81838,20.0,18.1,0.0,0.532,5.7620000000000005,40.3,4.0983,24.0,0.9367088607594937,20.2,0.9899722852103805,10.42,European,21.8
484,2.37857,20.0,18.1,0.0,0.583,5.871,41.9,3.724,24.0,0.9367088607594937,20.2,0.934063995968758,13.34,Mediterranean,20.6
485,3.67367,20.0,18.1,0.0,0.583,6.312,51.9,3.9917,24.0,0.9367088607594937,20.2,0.9791383219954649,10.58,European,21.2
486,5.69175,20.0,18.1,0.0,0.583,6.114,79.8,3.5459,24.0,0.9367088607594937,20.2,0.9893675988914085,14.98,Mediterranean,19.1
487,4.83567,20.0,18.1,0.0,0.583,5.905,53.2,3.1523,24.0,0.9367088607594937,20.2,0.9781305114638449,11.45,Elegant,20.6
488,0.15086,20.0,27.74,0.0,0.609,5.454,92.7,1.8209,4.0,1.0,20.1,0.9954396573444192,18.06,European,15.2
489,0.18337,20.0,27.74,0.0,0.609,5.414,98.3,1.7554,4.0,1.0,20.1,0.8668430335097003,23.97,Pastoral,7.0
490,0.20746,20.0,27.74,0.0,0.609,5.093,98.0,1.8226,4.0,1.0,20.1,0.8022927689594357,29.68,Elegant,8.1
491,0.10574,20.0,27.74,0.0,0.609,5.983,98.8,1.8681,4.0,1.0,20.1,0.9828924162257496,18.07,modern,13.6
492,0.11132,20.0,27.74,0.0,0.609,5.983,83.5,2.1099,4.0,1.0,20.1,1.0,13.35,European,20.1
493,0.17331,20.0,9.69,0.0,0.585,5.707000000000002,54.0,2.3817,6.0,0.549929676511955,19.2,1.0,12.01,Mediterranean,21.8
494,0.27957,20.0,9.69,0.0,0.585,5.926,42.6,2.3817,6.0,0.549929676511955,19.2,1.0,13.59,European,24.5
495,0.17899,20.0,9.69,0.0,0.585,5.67,28.8,2.7986,6.0,0.549929676511955,19.2,0.9909045099521291,17.6,Pastoral,23.1
496,0.2896,20.0,9.69,0.0,0.585,5.39,72.9,2.7986,6.0,0.549929676511955,19.2,1.0,21.14,Elegant,19.7
497,0.26838,20.0,9.69,0.0,0.585,5.794,70.6,2.8927,6.0,0.549929676511955,19.2,1.0,14.1,Mediterranean,18.3
498,0.23912,20.0,9.69,0.0,0.585,6.019,65.3,2.4091,6.0,0.549929676511955,19.2,1.0,12.92,Pastoral,21.2
499,0.17783,20.0,9.69,0.0,0.585,5.569,73.5,2.3999,6.0,0.549929676511955,19.2,0.9971529352481734,15.1,European,17.5
500,0.22438,20.0,9.69,0.0,0.585,6.027,79.7,2.4982,6.0,0.549929676511955,19.2,1.0,14.33,modern,16.8
501,0.06262999999999999,20.0,11.93,0.0,0.573,6.593,69.1,2.4786,1.0,0.38396624472573837,21.0,0.9876291257243639,9.67,Mediterranean,22.4
502,0.04527,20.0,11.93,0.0,0.573,6.12,76.7,2.2875,1.0,0.38396624472573837,21.0,1.0,9.08,Pastoral,20.6
503,0.06076,20.0,11.93,0.0,0.573,6.976,91.0,2.1675,1.0,0.38396624472573837,21.0,1.0,5.64,Mediterranean,23.9
504,0.10959,20.0,11.93,0.0,0.573,6.794,89.3,2.3889,1.0,0.38396624472573837,21.0,0.9913076341647771,6.48,Pastoral,22.0
505,0.04741,20.0,11.93,0.0,0.573,6.03,80.8,2.505,1.0,0.38396624472573837,21.0,1.0,7.88,European,11.9
